id,source_id,name,url,avatar_url
"234404","228","<anonymized>","<anonymized>","<anonymized>"
"234263","228","<anonymized>","<anonymized>","<anonymized>"
"234359","228","<anonymized>","<anonymized>","<anonymized>"
"234412","228","<anonymized>","<anonymized>","<anonymized>"
"234312","228","<anonymized>","<anonymized>","<anonymized>"
"234566","228","<anonymized>","<anonymized>","<anonymized>"
"234648","228","<anonymized>","<anonymized>","<anonymized>"
"234799","228","<anonymized>","<anonymized>","<anonymized>"
"234501","228","<anonymized>","<anonymized>","<anonymized>"
"234780","228","<anonymized>","<anonymized>","<anonymized>"
"234823","228","<anonymized>","<anonymized>","<anonymized>"
"234873","228","<anonymized>","<anonymized>","<anonymized>"
"234894","228","<anonymized>","<anonymized>","<anonymized>"
"234899","228","<anonymized>","<anonymized>","<anonymized>"
"234948","228","<anonymized>","<anonymized>","<anonymized>"
"234839","228","<anonymized>","<anonymized>","<anonymized>"
"235017","228","<anonymized>","<anonymized>","<anonymized>"
"235079","228","<anonymized>","<anonymized>","<anonymized>"
"235173","228","<anonymized>","<anonymized>","<anonymized>"
"235437","228","<anonymized>","<anonymized>","<anonymized>"
"235242","228","<anonymized>","<anonymized>","<anonymized>"
"235532","228","<anonymized>","<anonymized>","<anonymized>"
"235552","228","<anonymized>","<anonymized>","<anonymized>"
"235569","228","<anonymized>","<anonymized>","<anonymized>"
"235416","228","<anonymized>","<anonymized>","<anonymized>"
"235441","228","<anonymized>","<anonymized>","<anonymized>"
"235608","228","<anonymized>","<anonymized>","<anonymized>"
"235736","228","<anonymized>","<anonymized>","<anonymized>"
"235754","228","<anonymized>","<anonymized>","<anonymized>"
"235758","228","<anonymized>","<anonymized>","<anonymized>"
"235589","228","<anonymized>","<anonymized>","<anonymized>"
"235969","228","<anonymized>","<anonymized>","<anonymized>"
"235971","228","<anonymized>","<anonymized>","<anonymized>"
"236011","228","<anonymized>","<anonymized>","<anonymized>"
"236126","228","<anonymized>","<anonymized>","<anonymized>"
"236045","228","<anonymized>","<anonymized>","<anonymized>"
"236225","228","<anonymized>","<anonymized>","<anonymized>"
"236377","228","<anonymized>","<anonymized>","<anonymized>"
"236527","228","<anonymized>","<anonymized>","<anonymized>"
"236587","228","<anonymized>","<anonymized>","<anonymized>"
"236499","228","<anonymized>","<anonymized>","<anonymized>"
"236518","228","<anonymized>","<anonymized>","<anonymized>"
"236868","228","<anonymized>","<anonymized>","<anonymized>"
"236695","228","<anonymized>","<anonymized>","<anonymized>"
"236720","228","<anonymized>","<anonymized>","<anonymized>"
"236741","228","<anonymized>","<anonymized>","<anonymized>"
"236742","228","<anonymized>","<anonymized>","<anonymized>"
"236816","228","<anonymized>","<anonymized>","<anonymized>"
"236840","228","<anonymized>","<anonymized>","<anonymized>"
"236856","228","<anonymized>","<anonymized>","<anonymized>"
"236965","228","<anonymized>","<anonymized>","<anonymized>"
"237135","228","<anonymized>","<anonymized>","<anonymized>"
"236932","228","<anonymized>","<anonymized>","<anonymized>"
"236968","228","<anonymized>","<anonymized>","<anonymized>"
"237123","228","<anonymized>","<anonymized>","<anonymized>"
"237298","228","<anonymized>","<anonymized>","<anonymized>"
"237095","228","<anonymized>","<anonymized>","<anonymized>"
"237116","228","<anonymized>","<anonymized>","<anonymized>"
"237324","228","<anonymized>","<anonymized>","<anonymized>"
"237404","228","<anonymized>","<anonymized>","<anonymized>"
"237475","228","<anonymized>","<anonymized>","<anonymized>"
"237444","228","<anonymized>","<anonymized>","<anonymized>"
"237741","228","<anonymized>","<anonymized>","<anonymized>"
"237586","228","<anonymized>","<anonymized>","<anonymized>"
"237781","228","<anonymized>","<anonymized>","<anonymized>"
"237861","228","<anonymized>","<anonymized>","<anonymized>"
"237823","228","<anonymized>","<anonymized>","<anonymized>"
"237847","228","<anonymized>","<anonymized>","<anonymized>"
"237853","228","<anonymized>","<anonymized>","<anonymized>"
"238119","228","<anonymized>","<anonymized>","<anonymized>"
"238198","228","<anonymized>","<anonymized>","<anonymized>"
"238252","228","<anonymized>","<anonymized>","<anonymized>"
"238284","228","<anonymized>","<anonymized>","<anonymized>"
"238190","228","<anonymized>","<anonymized>","<anonymized>"
"238332","228","<anonymized>","<anonymized>","<anonymized>"
"238342","228","<anonymized>","<anonymized>","<anonymized>"
"238464","228","<anonymized>","<anonymized>","<anonymized>"
"238207","228","<anonymized>","<anonymized>","<anonymized>"
"238235","228","<anonymized>","<anonymized>","<anonymized>"
"238409","228","<anonymized>","<anonymized>","<anonymized>"
"238677","228","<anonymized>","<anonymized>","<anonymized>"
"238703","228","<anonymized>","<anonymized>","<anonymized>"
"238767","228","<anonymized>","<anonymized>","<anonymized>"
"238771","228","<anonymized>","<anonymized>","<anonymized>"
"238859","228","<anonymized>","<anonymized>","<anonymized>"
"238904","228","<anonymized>","<anonymized>","<anonymized>"
"238948","228","<anonymized>","<anonymized>","<anonymized>"
"238799","228","<anonymized>","<anonymized>","<anonymized>"
"239071","228","<anonymized>","<anonymized>","<anonymized>"
"238987","228","<anonymized>","<anonymized>","<anonymized>"
"239142","228","<anonymized>","<anonymized>","<anonymized>"
"239157","228","<anonymized>","<anonymized>","<anonymized>"
"239188","228","<anonymized>","<anonymized>","<anonymized>"
"239219","228","<anonymized>","<anonymized>","<anonymized>"
"239264","228","<anonymized>","<anonymized>","<anonymized>"
"239160","228","<anonymized>","<anonymized>","<anonymized>"
"239166","228","<anonymized>","<anonymized>","<anonymized>"
"239406","228","<anonymized>","<anonymized>","<anonymized>"
"239620","228","<anonymized>","<anonymized>","<anonymized>"
"239639","228","<anonymized>","<anonymized>","<anonymized>"
"239721","228","<anonymized>","<anonymized>","<anonymized>"
"239819","228","<anonymized>","<anonymized>","<anonymized>"
"239860","228","<anonymized>","<anonymized>","<anonymized>"
"239901","228","<anonymized>","<anonymized>","<anonymized>"
"239907","228","<anonymized>","<anonymized>","<anonymized>"
"239876","228","<anonymized>","<anonymized>","<anonymized>"
"239693","228","<anonymized>","<anonymized>","<anonymized>"
"239704","228","<anonymized>","<anonymized>","<anonymized>"
"240078","228","<anonymized>","<anonymized>","<anonymized>"
"240086","228","<anonymized>","<anonymized>","<anonymized>"
"240107","228","<anonymized>","<anonymized>","<anonymized>"
"240148","228","<anonymized>","<anonymized>","<anonymized>"
"240021","228","<anonymized>","<anonymized>","<anonymized>"
"240057","228","<anonymized>","<anonymized>","<anonymized>"
"240081","228","<anonymized>","<anonymized>","<anonymized>"
"240146","228","<anonymized>","<anonymized>","<anonymized>"
"240307","228","<anonymized>","<anonymized>","<anonymized>"
"240363","228","<anonymized>","<anonymized>","<anonymized>"
"240446","228","<anonymized>","<anonymized>","<anonymized>"
"240498","228","<anonymized>","<anonymized>","<anonymized>"
"240512","228","<anonymized>","<anonymized>","<anonymized>"
"240655","228","<anonymized>","<anonymized>","<anonymized>"
"240661","228","<anonymized>","<anonymized>","<anonymized>"
"240802","228","<anonymized>","<anonymized>","<anonymized>"
"240815","228","<anonymized>","<anonymized>","<anonymized>"
"240552","228","<anonymized>","<anonymized>","<anonymized>"
"240577","228","<anonymized>","<anonymized>","<anonymized>"
"240644","228","<anonymized>","<anonymized>","<anonymized>"
"240766","228","<anonymized>","<anonymized>","<anonymized>"
"240881","228","<anonymized>","<anonymized>","<anonymized>"
"240931","228","<anonymized>","<anonymized>","<anonymized>"
"241043","228","<anonymized>","<anonymized>","<anonymized>"
"241056","228","<anonymized>","<anonymized>","<anonymized>"
"241243","228","<anonymized>","<anonymized>","<anonymized>"
"241354","228","<anonymized>","<anonymized>","<anonymized>"
"241566","228","<anonymized>","<anonymized>","<anonymized>"
"241581","228","<anonymized>","<anonymized>","<anonymized>"
"241628","228","<anonymized>","<anonymized>","<anonymized>"
"241501","228","<anonymized>","<anonymized>","<anonymized>"
"241665","228","<anonymized>","<anonymized>","<anonymized>"
"241682","228","<anonymized>","<anonymized>","<anonymized>"
"241856","228","<anonymized>","<anonymized>","<anonymized>"
"241892","228","<anonymized>","<anonymized>","<anonymized>"
"241814","228","<anonymized>","<anonymized>","<anonymized>"
"241904","228","<anonymized>","<anonymized>","<anonymized>"
"241975","228","<anonymized>","<anonymized>","<anonymized>"
"242051","228","<anonymized>","<anonymized>","<anonymized>"
"242056","228","<anonymized>","<anonymized>","<anonymized>"
"242225","228","<anonymized>","<anonymized>","<anonymized>"
"242288","228","<anonymized>","<anonymized>","<anonymized>"
"242040","228","<anonymized>","<anonymized>","<anonymized>"
"242093","228","<anonymized>","<anonymized>","<anonymized>"
"242130","228","<anonymized>","<anonymized>","<anonymized>"
"242398","228","<anonymized>","<anonymized>","<anonymized>"
"242409","228","<anonymized>","<anonymized>","<anonymized>"
"242480","228","<anonymized>","<anonymized>","<anonymized>"
"242560","228","<anonymized>","<anonymized>","<anonymized>"
"242612","228","<anonymized>","<anonymized>","<anonymized>"
"242634","228","<anonymized>","<anonymized>","<anonymized>"
"242743","228","<anonymized>","<anonymized>","<anonymized>"
"242762","228","<anonymized>","<anonymized>","<anonymized>"
"242772","228","<anonymized>","<anonymized>","<anonymized>"
"242568","228","<anonymized>","<anonymized>","<anonymized>"
"242606","228","<anonymized>","<anonymized>","<anonymized>"
"243002","228","<anonymized>","<anonymized>","<anonymized>"
"243023","228","<anonymized>","<anonymized>","<anonymized>"
"243058","228","<anonymized>","<anonymized>","<anonymized>"
"243063","228","<anonymized>","<anonymized>","<anonymized>"
"242841","228","<anonymized>","<anonymized>","<anonymized>"
"242875","228","<anonymized>","<anonymized>","<anonymized>"
"242932","228","<anonymized>","<anonymized>","<anonymized>"
"242942","228","<anonymized>","<anonymized>","<anonymized>"
"243021","228","<anonymized>","<anonymized>","<anonymized>"
"243405","228","<anonymized>","<anonymized>","<anonymized>"
"243201","228","<anonymized>","<anonymized>","<anonymized>"
"243210","228","<anonymized>","<anonymized>","<anonymized>"
"243217","228","<anonymized>","<anonymized>","<anonymized>"
"243247","228","<anonymized>","<anonymized>","<anonymized>"
"243435","228","<anonymized>","<anonymized>","<anonymized>"
"243396","228","<anonymized>","<anonymized>","<anonymized>"
"243467","228","<anonymized>","<anonymized>","<anonymized>"
"243447","228","<anonymized>","<anonymized>","<anonymized>"
"243517","228","<anonymized>","<anonymized>","<anonymized>"
"243646","228","<anonymized>","<anonymized>","<anonymized>"
"243834","228","<anonymized>","<anonymized>","<anonymized>"
"243871","228","<anonymized>","<anonymized>","<anonymized>"
"243877","228","<anonymized>","<anonymized>","<anonymized>"
"243895","228","<anonymized>","<anonymized>","<anonymized>"
"243721","228","<anonymized>","<anonymized>","<anonymized>"
"243770","228","<anonymized>","<anonymized>","<anonymized>"
"244008","228","<anonymized>","<anonymized>","<anonymized>"
"244045","228","<anonymized>","<anonymized>","<anonymized>"
"243890","228","<anonymized>","<anonymized>","<anonymized>"
"243909","228","<anonymized>","<anonymized>","<anonymized>"
"243986","228","<anonymized>","<anonymized>","<anonymized>"
"244174","228","<anonymized>","<anonymized>","<anonymized>"
"244091","228","<anonymized>","<anonymized>","<anonymized>"
"244146","228","<anonymized>","<anonymized>","<anonymized>"
"244295","228","<anonymized>","<anonymized>","<anonymized>"
"244377","228","<anonymized>","<anonymized>","<anonymized>"
"244331","228","<anonymized>","<anonymized>","<anonymized>"
"244529","228","<anonymized>","<anonymized>","<anonymized>"
"244528","228","<anonymized>","<anonymized>","<anonymized>"
"244655","228","<anonymized>","<anonymized>","<anonymized>"
"244673","228","<anonymized>","<anonymized>","<anonymized>"
"244685","228","<anonymized>","<anonymized>","<anonymized>"
"244599","228","<anonymized>","<anonymized>","<anonymized>"
"244622","228","<anonymized>","<anonymized>","<anonymized>"
"244650","228","<anonymized>","<anonymized>","<anonymized>"
"245041","228","<anonymized>","<anonymized>","<anonymized>"
"245066","228","<anonymized>","<anonymized>","<anonymized>"
"245106","228","<anonymized>","<anonymized>","<anonymized>"
"245023","228","<anonymized>","<anonymized>","<anonymized>"
"245291","228","<anonymized>","<anonymized>","<anonymized>"
"245175","228","<anonymized>","<anonymized>","<anonymized>"
"245189","228","<anonymized>","<anonymized>","<anonymized>"
"245305","228","<anonymized>","<anonymized>","<anonymized>"
"245119","228","<anonymized>","<anonymized>","<anonymized>"
"245151","228","<anonymized>","<anonymized>","<anonymized>"
"245207","228","<anonymized>","<anonymized>","<anonymized>"
"245345","228","<anonymized>","<anonymized>","<anonymized>"
"245347","228","<anonymized>","<anonymized>","<anonymized>"
"245398","228","<anonymized>","<anonymized>","<anonymized>"
"245406","228","<anonymized>","<anonymized>","<anonymized>"
"245847","228","<anonymized>","<anonymized>","<anonymized>"
"245873","228","<anonymized>","<anonymized>","<anonymized>"
"245902","228","<anonymized>","<anonymized>","<anonymized>"
"245903","228","<anonymized>","<anonymized>","<anonymized>"
"245735","228","<anonymized>","<anonymized>","<anonymized>"
"246131","228","<anonymized>","<anonymized>","<anonymized>"
"246136","228","<anonymized>","<anonymized>","<anonymized>"
"246158","228","<anonymized>","<anonymized>","<anonymized>"
"246190","228","<anonymized>","<anonymized>","<anonymized>"
"246208","228","<anonymized>","<anonymized>","<anonymized>"
"246018","228","<anonymized>","<anonymized>","<anonymized>"
"246099","228","<anonymized>","<anonymized>","<anonymized>"
"246124","228","<anonymized>","<anonymized>","<anonymized>"
"246475","228","<anonymized>","<anonymized>","<anonymized>"
"246482","228","<anonymized>","<anonymized>","<anonymized>"
"246525","228","<anonymized>","<anonymized>","<anonymized>"
"246562","228","<anonymized>","<anonymized>","<anonymized>"
"246325","228","<anonymized>","<anonymized>","<anonymized>"
"246355","228","<anonymized>","<anonymized>","<anonymized>"
"246357","228","<anonymized>","<anonymized>","<anonymized>"
"246395","228","<anonymized>","<anonymized>","<anonymized>"
"246439","228","<anonymized>","<anonymized>","<anonymized>"
"246523","228","<anonymized>","<anonymized>","<anonymized>"
"246551","228","<anonymized>","<anonymized>","<anonymized>"
"246568","228","<anonymized>","<anonymized>","<anonymized>"
"246575","228","<anonymized>","<anonymized>","<anonymized>"
"246352","228","<anonymized>","<anonymized>","<anonymized>"
"246397","228","<anonymized>","<anonymized>","<anonymized>"
"246402","228","<anonymized>","<anonymized>","<anonymized>"
"246539","228","<anonymized>","<anonymized>","<anonymized>"
"246567","228","<anonymized>","<anonymized>","<anonymized>"
"246650","228","<anonymized>","<anonymized>","<anonymized>"
"246646","228","<anonymized>","<anonymized>","<anonymized>"
"246685","228","<anonymized>","<anonymized>","<anonymized>"
"246705","228","<anonymized>","<anonymized>","<anonymized>"
"246724","228","<anonymized>","<anonymized>","<anonymized>"
"246760","228","<anonymized>","<anonymized>","<anonymized>"
"247038","228","<anonymized>","<anonymized>","<anonymized>"
"247164","228","<anonymized>","<anonymized>","<anonymized>"
"247076","228","<anonymized>","<anonymized>","<anonymized>"
"247126","228","<anonymized>","<anonymized>","<anonymized>"
"247209","228","<anonymized>","<anonymized>","<anonymized>"
"247299","228","<anonymized>","<anonymized>","<anonymized>"
"247336","228","<anonymized>","<anonymized>","<anonymized>"
"247391","228","<anonymized>","<anonymized>","<anonymized>"
"247382","228","<anonymized>","<anonymized>","<anonymized>"
"247393","228","<anonymized>","<anonymized>","<anonymized>"
"247505","228","<anonymized>","<anonymized>","<anonymized>"
"247586","228","<anonymized>","<anonymized>","<anonymized>"
"247594","228","<anonymized>","<anonymized>","<anonymized>"
"247636","228","<anonymized>","<anonymized>","<anonymized>"
"247656","228","<anonymized>","<anonymized>","<anonymized>"
"247706","228","<anonymized>","<anonymized>","<anonymized>"
"247591","228","<anonymized>","<anonymized>","<anonymized>"
"247641","228","<anonymized>","<anonymized>","<anonymized>"
"247721","228","<anonymized>","<anonymized>","<anonymized>"
"247737","228","<anonymized>","<anonymized>","<anonymized>"
"247786","228","<anonymized>","<anonymized>","<anonymized>"
"247804","228","<anonymized>","<anonymized>","<anonymized>"
"247763","228","<anonymized>","<anonymized>","<anonymized>"
"248050","228","<anonymized>","<anonymized>","<anonymized>"
"248097","228","<anonymized>","<anonymized>","<anonymized>"
"247896","228","<anonymized>","<anonymized>","<anonymized>"
"247976","228","<anonymized>","<anonymized>","<anonymized>"
"248196","228","<anonymized>","<anonymized>","<anonymized>"
"248202","228","<anonymized>","<anonymized>","<anonymized>"
"248243","228","<anonymized>","<anonymized>","<anonymized>"
"248230","228","<anonymized>","<anonymized>","<anonymized>"
"248239","228","<anonymized>","<anonymized>","<anonymized>"
"248279","228","<anonymized>","<anonymized>","<anonymized>"
"248342","228","<anonymized>","<anonymized>","<anonymized>"
"248166","228","<anonymized>","<anonymized>","<anonymized>"
"248213","228","<anonymized>","<anonymized>","<anonymized>"
"248343","228","<anonymized>","<anonymized>","<anonymized>"
"248431","228","<anonymized>","<anonymized>","<anonymized>"
"248507","228","<anonymized>","<anonymized>","<anonymized>"
"248785","228","<anonymized>","<anonymized>","<anonymized>"
"248797","228","<anonymized>","<anonymized>","<anonymized>"
"248861","228","<anonymized>","<anonymized>","<anonymized>"
"248695","228","<anonymized>","<anonymized>","<anonymized>"
"248709","228","<anonymized>","<anonymized>","<anonymized>"
"248892","228","<anonymized>","<anonymized>","<anonymized>"
"248725","228","<anonymized>","<anonymized>","<anonymized>"
"248777","228","<anonymized>","<anonymized>","<anonymized>"
"249112","228","<anonymized>","<anonymized>","<anonymized>"
"249128","228","<anonymized>","<anonymized>","<anonymized>"
"249161","228","<anonymized>","<anonymized>","<anonymized>"
"249195","228","<anonymized>","<anonymized>","<anonymized>"
"248951","228","<anonymized>","<anonymized>","<anonymized>"
"248978","228","<anonymized>","<anonymized>","<anonymized>"
"249053","228","<anonymized>","<anonymized>","<anonymized>"
"249086","228","<anonymized>","<anonymized>","<anonymized>"
"249281","228","<anonymized>","<anonymized>","<anonymized>"
"249431","228","<anonymized>","<anonymized>","<anonymized>"
"249467","228","<anonymized>","<anonymized>","<anonymized>"
"249264","228","<anonymized>","<anonymized>","<anonymized>"
"249283","228","<anonymized>","<anonymized>","<anonymized>"
"249346","228","<anonymized>","<anonymized>","<anonymized>"
"249395","228","<anonymized>","<anonymized>","<anonymized>"
"249706","228","<anonymized>","<anonymized>","<anonymized>"
"249799","228","<anonymized>","<anonymized>","<anonymized>"
"249592","228","<anonymized>","<anonymized>","<anonymized>"
"249593","228","<anonymized>","<anonymized>","<anonymized>"
"249609","228","<anonymized>","<anonymized>","<anonymized>"
"249812","228","<anonymized>","<anonymized>","<anonymized>"
"249860","228","<anonymized>","<anonymized>","<anonymized>"
"249889","228","<anonymized>","<anonymized>","<anonymized>"
"249890","228","<anonymized>","<anonymized>","<anonymized>"
"249831","228","<anonymized>","<anonymized>","<anonymized>"
"249904","228","<anonymized>","<anonymized>","<anonymized>"
"250021","228","<anonymized>","<anonymized>","<anonymized>"
"250102","228","<anonymized>","<anonymized>","<anonymized>"
"249974","228","<anonymized>","<anonymized>","<anonymized>"
"250007","228","<anonymized>","<anonymized>","<anonymized>"
"250369","228","<anonymized>","<anonymized>","<anonymized>"
"250164","228","<anonymized>","<anonymized>","<anonymized>"
"250240","228","<anonymized>","<anonymized>","<anonymized>"
"250568","228","<anonymized>","<anonymized>","<anonymized>"
"250437","228","<anonymized>","<anonymized>","<anonymized>"
"250705","228","<anonymized>","<anonymized>","<anonymized>"
"250482","228","<anonymized>","<anonymized>","<anonymized>"
"250604","228","<anonymized>","<anonymized>","<anonymized>"
"250808","228","<anonymized>","<anonymized>","<anonymized>"
"250823","228","<anonymized>","<anonymized>","<anonymized>"
"250752","228","<anonymized>","<anonymized>","<anonymized>"
"250771","228","<anonymized>","<anonymized>","<anonymized>"
"250845","228","<anonymized>","<anonymized>","<anonymized>"
"250866","228","<anonymized>","<anonymized>","<anonymized>"
"250958","228","<anonymized>","<anonymized>","<anonymized>"
"251067","228","<anonymized>","<anonymized>","<anonymized>"
"251016","228","<anonymized>","<anonymized>","<anonymized>"
"251405","228","<anonymized>","<anonymized>","<anonymized>"
"251288","228","<anonymized>","<anonymized>","<anonymized>"
"251323","228","<anonymized>","<anonymized>","<anonymized>"
"251369","228","<anonymized>","<anonymized>","<anonymized>"
"251411","228","<anonymized>","<anonymized>","<anonymized>"
"251191","228","<anonymized>","<anonymized>","<anonymized>"
"251373","228","<anonymized>","<anonymized>","<anonymized>"
"251707","228","<anonymized>","<anonymized>","<anonymized>"
"251563","228","<anonymized>","<anonymized>","<anonymized>"
"251586","228","<anonymized>","<anonymized>","<anonymized>"
"251721","228","<anonymized>","<anonymized>","<anonymized>"
"251750","228","<anonymized>","<anonymized>","<anonymized>"
"251795","228","<anonymized>","<anonymized>","<anonymized>"
"251995","228","<anonymized>","<anonymized>","<anonymized>"
"252002","228","<anonymized>","<anonymized>","<anonymized>"
"252111","228","<anonymized>","<anonymized>","<anonymized>"
"251856","228","<anonymized>","<anonymized>","<anonymized>"
"251933","228","<anonymized>","<anonymized>","<anonymized>"
"251959","228","<anonymized>","<anonymized>","<anonymized>"
"252023","228","<anonymized>","<anonymized>","<anonymized>"
"252032","228","<anonymized>","<anonymized>","<anonymized>"
"252063","228","<anonymized>","<anonymized>","<anonymized>"
"252098","228","<anonymized>","<anonymized>","<anonymized>"
"252214","228","<anonymized>","<anonymized>","<anonymized>"
"252246","228","<anonymized>","<anonymized>","<anonymized>"
"252281","228","<anonymized>","<anonymized>","<anonymized>"
"252254","228","<anonymized>","<anonymized>","<anonymized>"
"252309","228","<anonymized>","<anonymized>","<anonymized>"
"252322","228","<anonymized>","<anonymized>","<anonymized>"
"252342","228","<anonymized>","<anonymized>","<anonymized>"
"252394","228","<anonymized>","<anonymized>","<anonymized>"
"252400","228","<anonymized>","<anonymized>","<anonymized>"
"252468","228","<anonymized>","<anonymized>","<anonymized>"
"252679","228","<anonymized>","<anonymized>","<anonymized>"
"252704","228","<anonymized>","<anonymized>","<anonymized>"
"252756","228","<anonymized>","<anonymized>","<anonymized>"
"252602","228","<anonymized>","<anonymized>","<anonymized>"
"252677","228","<anonymized>","<anonymized>","<anonymized>"
"252720","228","<anonymized>","<anonymized>","<anonymized>"
"252753","228","<anonymized>","<anonymized>","<anonymized>"
"252879","228","<anonymized>","<anonymized>","<anonymized>"
"252706","228","<anonymized>","<anonymized>","<anonymized>"
"252725","228","<anonymized>","<anonymized>","<anonymized>"
"253128","228","<anonymized>","<anonymized>","<anonymized>"
"252950","228","<anonymized>","<anonymized>","<anonymized>"
"253071","228","<anonymized>","<anonymized>","<anonymized>"
"253203","228","<anonymized>","<anonymized>","<anonymized>"
"253218","228","<anonymized>","<anonymized>","<anonymized>"
"253227","228","<anonymized>","<anonymized>","<anonymized>"
"253288","228","<anonymized>","<anonymized>","<anonymized>"
"253336","228","<anonymized>","<anonymized>","<anonymized>"
"253389","228","<anonymized>","<anonymized>","<anonymized>"
"253598","228","<anonymized>","<anonymized>","<anonymized>"
"253605","228","<anonymized>","<anonymized>","<anonymized>"
"253621","228","<anonymized>","<anonymized>","<anonymized>"
"253396","228","<anonymized>","<anonymized>","<anonymized>"
"253550","228","<anonymized>","<anonymized>","<anonymized>"
"253733","228","<anonymized>","<anonymized>","<anonymized>"
"253657","228","<anonymized>","<anonymized>","<anonymized>"
"253675","228","<anonymized>","<anonymized>","<anonymized>"
"253865","228","<anonymized>","<anonymized>","<anonymized>"
"253925","228","<anonymized>","<anonymized>","<anonymized>"
"253985","228","<anonymized>","<anonymized>","<anonymized>"
"253964","228","<anonymized>","<anonymized>","<anonymized>"
"254027","228","<anonymized>","<anonymized>","<anonymized>"
"254057","228","<anonymized>","<anonymized>","<anonymized>"
"254119","228","<anonymized>","<anonymized>","<anonymized>"
"254138","228","<anonymized>","<anonymized>","<anonymized>"
"254320","228","<anonymized>","<anonymized>","<anonymized>"
"254200","228","<anonymized>","<anonymized>","<anonymized>"
"254201","228","<anonymized>","<anonymized>","<anonymized>"
"254208","228","<anonymized>","<anonymized>","<anonymized>"
"254291","228","<anonymized>","<anonymized>","<anonymized>"
"254329","228","<anonymized>","<anonymized>","<anonymized>"
"254565","228","<anonymized>","<anonymized>","<anonymized>"
"254581","228","<anonymized>","<anonymized>","<anonymized>"
"254587","228","<anonymized>","<anonymized>","<anonymized>"
"254472","228","<anonymized>","<anonymized>","<anonymized>"
"254607","228","<anonymized>","<anonymized>","<anonymized>"
"254788","228","<anonymized>","<anonymized>","<anonymized>"
"254714","228","<anonymized>","<anonymized>","<anonymized>"
"254918","228","<anonymized>","<anonymized>","<anonymized>"
"254764","228","<anonymized>","<anonymized>","<anonymized>"
"254955","228","<anonymized>","<anonymized>","<anonymized>"
"255148","228","<anonymized>","<anonymized>","<anonymized>"
"255046","228","<anonymized>","<anonymized>","<anonymized>"
"255110","228","<anonymized>","<anonymized>","<anonymized>"
"255311","228","<anonymized>","<anonymized>","<anonymized>"
"255312","228","<anonymized>","<anonymized>","<anonymized>"
"255318","228","<anonymized>","<anonymized>","<anonymized>"
"255378","228","<anonymized>","<anonymized>","<anonymized>"
"255255","228","<anonymized>","<anonymized>","<anonymized>"
"255301","228","<anonymized>","<anonymized>","<anonymized>"
"255341","228","<anonymized>","<anonymized>","<anonymized>"
"255354","228","<anonymized>","<anonymized>","<anonymized>"
"255355","228","<anonymized>","<anonymized>","<anonymized>"
"255247","228","<anonymized>","<anonymized>","<anonymized>"
"255316","228","<anonymized>","<anonymized>","<anonymized>"
"255391","228","<anonymized>","<anonymized>","<anonymized>"
"255464","228","<anonymized>","<anonymized>","<anonymized>"
"255439","228","<anonymized>","<anonymized>","<anonymized>"
"255460","228","<anonymized>","<anonymized>","<anonymized>"
"255537","228","<anonymized>","<anonymized>","<anonymized>"
"255550","228","<anonymized>","<anonymized>","<anonymized>"
"255563","228","<anonymized>","<anonymized>","<anonymized>"
"255603","228","<anonymized>","<anonymized>","<anonymized>"
"255680","228","<anonymized>","<anonymized>","<anonymized>"
"255707","228","<anonymized>","<anonymized>","<anonymized>"
"255497","228","<anonymized>","<anonymized>","<anonymized>"
"255519","228","<anonymized>","<anonymized>","<anonymized>"
"255569","228","<anonymized>","<anonymized>","<anonymized>"
"255608","228","<anonymized>","<anonymized>","<anonymized>"
"255652","228","<anonymized>","<anonymized>","<anonymized>"
"255779","228","<anonymized>","<anonymized>","<anonymized>"
"255809","228","<anonymized>","<anonymized>","<anonymized>"
"255627","228","<anonymized>","<anonymized>","<anonymized>"
"255650","228","<anonymized>","<anonymized>","<anonymized>"
"255670","228","<anonymized>","<anonymized>","<anonymized>"
"255684","228","<anonymized>","<anonymized>","<anonymized>"
"255708","228","<anonymized>","<anonymized>","<anonymized>"
"255959","228","<anonymized>","<anonymized>","<anonymized>"
"255784","228","<anonymized>","<anonymized>","<anonymized>"
"255821","228","<anonymized>","<anonymized>","<anonymized>"
"255833","228","<anonymized>","<anonymized>","<anonymized>"
"255901","228","<anonymized>","<anonymized>","<anonymized>"
"255970","228","<anonymized>","<anonymized>","<anonymized>"
"256055","228","<anonymized>","<anonymized>","<anonymized>"
"256226","228","<anonymized>","<anonymized>","<anonymized>"
"256101","228","<anonymized>","<anonymized>","<anonymized>"
"256135","228","<anonymized>","<anonymized>","<anonymized>"
"256141","228","<anonymized>","<anonymized>","<anonymized>"
"256285","228","<anonymized>","<anonymized>","<anonymized>"
"256356","228","<anonymized>","<anonymized>","<anonymized>"
"256517","228","<anonymized>","<anonymized>","<anonymized>"
"256572","228","<anonymized>","<anonymized>","<anonymized>"
"256543","228","<anonymized>","<anonymized>","<anonymized>"
"256750","228","<anonymized>","<anonymized>","<anonymized>"
"257080","228","<anonymized>","<anonymized>","<anonymized>"
"256978","228","<anonymized>","<anonymized>","<anonymized>"
"257022","228","<anonymized>","<anonymized>","<anonymized>"
"257181","228","<anonymized>","<anonymized>","<anonymized>"
"256962","228","<anonymized>","<anonymized>","<anonymized>"
"257137","228","<anonymized>","<anonymized>","<anonymized>"
"257374","228","<anonymized>","<anonymized>","<anonymized>"
"257347","228","<anonymized>","<anonymized>","<anonymized>"
"257398","228","<anonymized>","<anonymized>","<anonymized>"
"257409","228","<anonymized>","<anonymized>","<anonymized>"
"257445","228","<anonymized>","<anonymized>","<anonymized>"
"257559","228","<anonymized>","<anonymized>","<anonymized>"
"257583","228","<anonymized>","<anonymized>","<anonymized>"
"257596","228","<anonymized>","<anonymized>","<anonymized>"
"257859","228","<anonymized>","<anonymized>","<anonymized>"
"257611","228","<anonymized>","<anonymized>","<anonymized>"
"257842","228","<anonymized>","<anonymized>","<anonymized>"
"257893","228","<anonymized>","<anonymized>","<anonymized>"
"258045","228","<anonymized>","<anonymized>","<anonymized>"
"258080","228","<anonymized>","<anonymized>","<anonymized>"
"258201","228","<anonymized>","<anonymized>","<anonymized>"
"257943","228","<anonymized>","<anonymized>","<anonymized>"
"258014","228","<anonymized>","<anonymized>","<anonymized>"
"258106","228","<anonymized>","<anonymized>","<anonymized>"
"258116","228","<anonymized>","<anonymized>","<anonymized>"
"258081","228","<anonymized>","<anonymized>","<anonymized>"
"258118","228","<anonymized>","<anonymized>","<anonymized>"
"258132","228","<anonymized>","<anonymized>","<anonymized>"
"258156","228","<anonymized>","<anonymized>","<anonymized>"
"258203","228","<anonymized>","<anonymized>","<anonymized>"
"258227","228","<anonymized>","<anonymized>","<anonymized>"
"258295","228","<anonymized>","<anonymized>","<anonymized>"
"258336","228","<anonymized>","<anonymized>","<anonymized>"
"258365","228","<anonymized>","<anonymized>","<anonymized>"
"258403","228","<anonymized>","<anonymized>","<anonymized>"
"258414","228","<anonymized>","<anonymized>","<anonymized>"
"258421","228","<anonymized>","<anonymized>","<anonymized>"
"258482","228","<anonymized>","<anonymized>","<anonymized>"
"258487","228","<anonymized>","<anonymized>","<anonymized>"
"258665","228","<anonymized>","<anonymized>","<anonymized>"
"259237","228","<anonymized>","<anonymized>","<anonymized>"
"259238","228","<anonymized>","<anonymized>","<anonymized>"
"259312","228","<anonymized>","<anonymized>","<anonymized>"
"259331","228","<anonymized>","<anonymized>","<anonymized>"
"259348","228","<anonymized>","<anonymized>","<anonymized>"
"259356","228","<anonymized>","<anonymized>","<anonymized>"
"259431","228","<anonymized>","<anonymized>","<anonymized>"
"259453","228","<anonymized>","<anonymized>","<anonymized>"
"259609","228","<anonymized>","<anonymized>","<anonymized>"
"259614","228","<anonymized>","<anonymized>","<anonymized>"
"259466","228","<anonymized>","<anonymized>","<anonymized>"
"259532","228","<anonymized>","<anonymized>","<anonymized>"
"259586","228","<anonymized>","<anonymized>","<anonymized>"
"259685","228","<anonymized>","<anonymized>","<anonymized>"
"259764","228","<anonymized>","<anonymized>","<anonymized>"
"259913","228","<anonymized>","<anonymized>","<anonymized>"
"260227","228","<anonymized>","<anonymized>","<anonymized>"
"260038","228","<anonymized>","<anonymized>","<anonymized>"
"260057","228","<anonymized>","<anonymized>","<anonymized>"
"260106","228","<anonymized>","<anonymized>","<anonymized>"
"260229","228","<anonymized>","<anonymized>","<anonymized>"
"260056","228","<anonymized>","<anonymized>","<anonymized>"
"260246","228","<anonymized>","<anonymized>","<anonymized>"
"260521","228","<anonymized>","<anonymized>","<anonymized>"
"260525","228","<anonymized>","<anonymized>","<anonymized>"
"260548","228","<anonymized>","<anonymized>","<anonymized>"
"260403","228","<anonymized>","<anonymized>","<anonymized>"
"260347","228","<anonymized>","<anonymized>","<anonymized>"
"260376","228","<anonymized>","<anonymized>","<anonymized>"
"260382","228","<anonymized>","<anonymized>","<anonymized>"
"260465","228","<anonymized>","<anonymized>","<anonymized>"
"260488","228","<anonymized>","<anonymized>","<anonymized>"
"260541","228","<anonymized>","<anonymized>","<anonymized>"
"260731","228","<anonymized>","<anonymized>","<anonymized>"
"260737","228","<anonymized>","<anonymized>","<anonymized>"
"260564","228","<anonymized>","<anonymized>","<anonymized>"
"260632","228","<anonymized>","<anonymized>","<anonymized>"
"260733","228","<anonymized>","<anonymized>","<anonymized>"
"260967","228","<anonymized>","<anonymized>","<anonymized>"
"260923","228","<anonymized>","<anonymized>","<anonymized>"
"260928","228","<anonymized>","<anonymized>","<anonymized>"
"260972","228","<anonymized>","<anonymized>","<anonymized>"
"261029","228","<anonymized>","<anonymized>","<anonymized>"
"261062","228","<anonymized>","<anonymized>","<anonymized>"
"260831","228","<anonymized>","<anonymized>","<anonymized>"
"260920","228","<anonymized>","<anonymized>","<anonymized>"
"261037","228","<anonymized>","<anonymized>","<anonymized>"
"261044","228","<anonymized>","<anonymized>","<anonymized>"
"261052","228","<anonymized>","<anonymized>","<anonymized>"
"261099","228","<anonymized>","<anonymized>","<anonymized>"
"261115","228","<anonymized>","<anonymized>","<anonymized>"
"261129","228","<anonymized>","<anonymized>","<anonymized>"
"261252","228","<anonymized>","<anonymized>","<anonymized>"
"261177","228","<anonymized>","<anonymized>","<anonymized>"
"261257","228","<anonymized>","<anonymized>","<anonymized>"
"261682","228","<anonymized>","<anonymized>","<anonymized>"
"261414","228","<anonymized>","<anonymized>","<anonymized>"
"261733","228","<anonymized>","<anonymized>","<anonymized>"
"261863","228","<anonymized>","<anonymized>","<anonymized>"
"262013","228","<anonymized>","<anonymized>","<anonymized>"
"262032","228","<anonymized>","<anonymized>","<anonymized>"
"261849","228","<anonymized>","<anonymized>","<anonymized>"
"262209","228","<anonymized>","<anonymized>","<anonymized>"
"262018","228","<anonymized>","<anonymized>","<anonymized>"
"262024","228","<anonymized>","<anonymized>","<anonymized>"
"262091","228","<anonymized>","<anonymized>","<anonymized>"
"262219","228","<anonymized>","<anonymized>","<anonymized>"
"262382","228","<anonymized>","<anonymized>","<anonymized>"
"262673","228","<anonymized>","<anonymized>","<anonymized>"
"262689","228","<anonymized>","<anonymized>","<anonymized>"
"262721","228","<anonymized>","<anonymized>","<anonymized>"
"262734","228","<anonymized>","<anonymized>","<anonymized>"
"262747","228","<anonymized>","<anonymized>","<anonymized>"
"262766","228","<anonymized>","<anonymized>","<anonymized>"
"262795","228","<anonymized>","<anonymized>","<anonymized>"
"262846","228","<anonymized>","<anonymized>","<anonymized>"
"262894","228","<anonymized>","<anonymized>","<anonymized>"
"262945","228","<anonymized>","<anonymized>","<anonymized>"
"263040","228","<anonymized>","<anonymized>","<anonymized>"
"263170","228","<anonymized>","<anonymized>","<anonymized>"
"263182","228","<anonymized>","<anonymized>","<anonymized>"
"263068","228","<anonymized>","<anonymized>","<anonymized>"
"263168","228","<anonymized>","<anonymized>","<anonymized>"
"263226","228","<anonymized>","<anonymized>","<anonymized>"
"263292","228","<anonymized>","<anonymized>","<anonymized>"
"263316","228","<anonymized>","<anonymized>","<anonymized>"
"263390","228","<anonymized>","<anonymized>","<anonymized>"
"263427","228","<anonymized>","<anonymized>","<anonymized>"
"263488","228","<anonymized>","<anonymized>","<anonymized>"
"263659","228","<anonymized>","<anonymized>","<anonymized>"
"263797","228","<anonymized>","<anonymized>","<anonymized>"
"263536","228","<anonymized>","<anonymized>","<anonymized>"
"263656","228","<anonymized>","<anonymized>","<anonymized>"
"264158","228","<anonymized>","<anonymized>","<anonymized>"
"263994","228","<anonymized>","<anonymized>","<anonymized>"
"264026","228","<anonymized>","<anonymized>","<anonymized>"
"264124","228","<anonymized>","<anonymized>","<anonymized>"
"264213","228","<anonymized>","<anonymized>","<anonymized>"
"264005","228","<anonymized>","<anonymized>","<anonymized>"
"264108","228","<anonymized>","<anonymized>","<anonymized>"
"264230","228","<anonymized>","<anonymized>","<anonymized>"
"264416","228","<anonymized>","<anonymized>","<anonymized>"
"264423","228","<anonymized>","<anonymized>","<anonymized>"
"264453","228","<anonymized>","<anonymized>","<anonymized>"
"264509","228","<anonymized>","<anonymized>","<anonymized>"
"264730","228","<anonymized>","<anonymized>","<anonymized>"
"264506","228","<anonymized>","<anonymized>","<anonymized>"
"264982","228","<anonymized>","<anonymized>","<anonymized>"
"264777","228","<anonymized>","<anonymized>","<anonymized>"
"264780","228","<anonymized>","<anonymized>","<anonymized>"
"264830","228","<anonymized>","<anonymized>","<anonymized>"
"264891","228","<anonymized>","<anonymized>","<anonymized>"
"264936","228","<anonymized>","<anonymized>","<anonymized>"
"265313","228","<anonymized>","<anonymized>","<anonymized>"
"265138","228","<anonymized>","<anonymized>","<anonymized>"
"265237","228","<anonymized>","<anonymized>","<anonymized>"
"265512","228","<anonymized>","<anonymized>","<anonymized>"
"265491","228","<anonymized>","<anonymized>","<anonymized>"
"265529","228","<anonymized>","<anonymized>","<anonymized>"
"265905","228","<anonymized>","<anonymized>","<anonymized>"
"265679","228","<anonymized>","<anonymized>","<anonymized>"
"265798","228","<anonymized>","<anonymized>","<anonymized>"
"265808","228","<anonymized>","<anonymized>","<anonymized>"
"265829","228","<anonymized>","<anonymized>","<anonymized>"
"265869","228","<anonymized>","<anonymized>","<anonymized>"
"265937","228","<anonymized>","<anonymized>","<anonymized>"
"265788","228","<anonymized>","<anonymized>","<anonymized>"
"266268","228","<anonymized>","<anonymized>","<anonymized>"
"265983","228","<anonymized>","<anonymized>","<anonymized>"
"266108","228","<anonymized>","<anonymized>","<anonymized>"
"266217","228","<anonymized>","<anonymized>","<anonymized>"
"266226","228","<anonymized>","<anonymized>","<anonymized>"
"266275","228","<anonymized>","<anonymized>","<anonymized>"
"266484","228","<anonymized>","<anonymized>","<anonymized>"
"266590","228","<anonymized>","<anonymized>","<anonymized>"
"266429","228","<anonymized>","<anonymized>","<anonymized>"
"266438","228","<anonymized>","<anonymized>","<anonymized>"
"266447","228","<anonymized>","<anonymized>","<anonymized>"
"266565","228","<anonymized>","<anonymized>","<anonymized>"
"266642","228","<anonymized>","<anonymized>","<anonymized>"
"266744","228","<anonymized>","<anonymized>","<anonymized>"
"266743","228","<anonymized>","<anonymized>","<anonymized>"
"266837","228","<anonymized>","<anonymized>","<anonymized>"
"266851","228","<anonymized>","<anonymized>","<anonymized>"
"267188","228","<anonymized>","<anonymized>","<anonymized>"
"266924","228","<anonymized>","<anonymized>","<anonymized>"
"267269","228","<anonymized>","<anonymized>","<anonymized>"
"267275","228","<anonymized>","<anonymized>","<anonymized>"
"267379","228","<anonymized>","<anonymized>","<anonymized>"
"267587","228","<anonymized>","<anonymized>","<anonymized>"
"267631","228","<anonymized>","<anonymized>","<anonymized>"
"267656","228","<anonymized>","<anonymized>","<anonymized>"
"267600","228","<anonymized>","<anonymized>","<anonymized>"
"267675","228","<anonymized>","<anonymized>","<anonymized>"
"267692","228","<anonymized>","<anonymized>","<anonymized>"
"268058","228","<anonymized>","<anonymized>","<anonymized>"
"267811","228","<anonymized>","<anonymized>","<anonymized>"
"267876","228","<anonymized>","<anonymized>","<anonymized>"
"267935","228","<anonymized>","<anonymized>","<anonymized>"
"267983","228","<anonymized>","<anonymized>","<anonymized>"
"267985","228","<anonymized>","<anonymized>","<anonymized>"
"268167","228","<anonymized>","<anonymized>","<anonymized>"
"268185","228","<anonymized>","<anonymized>","<anonymized>"
"268372","228","<anonymized>","<anonymized>","<anonymized>"
"268096","228","<anonymized>","<anonymized>","<anonymized>"
"268151","228","<anonymized>","<anonymized>","<anonymized>"
"268153","228","<anonymized>","<anonymized>","<anonymized>"
"268166","228","<anonymized>","<anonymized>","<anonymized>"
"268178","228","<anonymized>","<anonymized>","<anonymized>"
"268265","228","<anonymized>","<anonymized>","<anonymized>"
"268444","228","<anonymized>","<anonymized>","<anonymized>"
"268485","228","<anonymized>","<anonymized>","<anonymized>"
"268671","228","<anonymized>","<anonymized>","<anonymized>"
"268479","228","<anonymized>","<anonymized>","<anonymized>"
"268511","228","<anonymized>","<anonymized>","<anonymized>"
"268530","228","<anonymized>","<anonymized>","<anonymized>"
"268601","228","<anonymized>","<anonymized>","<anonymized>"
"268903","228","<anonymized>","<anonymized>","<anonymized>"
"268719","228","<anonymized>","<anonymized>","<anonymized>"
"268762","228","<anonymized>","<anonymized>","<anonymized>"
"268885","228","<anonymized>","<anonymized>","<anonymized>"
"268965","228","<anonymized>","<anonymized>","<anonymized>"
"269004","228","<anonymized>","<anonymized>","<anonymized>"
"269012","228","<anonymized>","<anonymized>","<anonymized>"
"269171","228","<anonymized>","<anonymized>","<anonymized>"
"269054","228","<anonymized>","<anonymized>","<anonymized>"
"269093","228","<anonymized>","<anonymized>","<anonymized>"
"269147","228","<anonymized>","<anonymized>","<anonymized>"
"269264","228","<anonymized>","<anonymized>","<anonymized>"
"269274","228","<anonymized>","<anonymized>","<anonymized>"
"269372","228","<anonymized>","<anonymized>","<anonymized>"
"269335","228","<anonymized>","<anonymized>","<anonymized>"
"269367","228","<anonymized>","<anonymized>","<anonymized>"
"269376","228","<anonymized>","<anonymized>","<anonymized>"
"269381","228","<anonymized>","<anonymized>","<anonymized>"
"269397","228","<anonymized>","<anonymized>","<anonymized>"
"269417","228","<anonymized>","<anonymized>","<anonymized>"
"269422","228","<anonymized>","<anonymized>","<anonymized>"
"269434","228","<anonymized>","<anonymized>","<anonymized>"
"269684","228","<anonymized>","<anonymized>","<anonymized>"
"269730","228","<anonymized>","<anonymized>","<anonymized>"
"269910","228","<anonymized>","<anonymized>","<anonymized>"
"269952","228","<anonymized>","<anonymized>","<anonymized>"
"269783","228","<anonymized>","<anonymized>","<anonymized>"
"269826","228","<anonymized>","<anonymized>","<anonymized>"
"269838","228","<anonymized>","<anonymized>","<anonymized>"
"269857","228","<anonymized>","<anonymized>","<anonymized>"
"269932","228","<anonymized>","<anonymized>","<anonymized>"
"269967","228","<anonymized>","<anonymized>","<anonymized>"
"270003","228","<anonymized>","<anonymized>","<anonymized>"
"270038","228","<anonymized>","<anonymized>","<anonymized>"
"270066","228","<anonymized>","<anonymized>","<anonymized>"
"270079","228","<anonymized>","<anonymized>","<anonymized>"
"270104","228","<anonymized>","<anonymized>","<anonymized>"
"270268","228","<anonymized>","<anonymized>","<anonymized>"
"270286","228","<anonymized>","<anonymized>","<anonymized>"
"270399","228","<anonymized>","<anonymized>","<anonymized>"
"270724","228","<anonymized>","<anonymized>","<anonymized>"
"270560","228","<anonymized>","<anonymized>","<anonymized>"
"270634","228","<anonymized>","<anonymized>","<anonymized>"
"270713","228","<anonymized>","<anonymized>","<anonymized>"
"270825","228","<anonymized>","<anonymized>","<anonymized>"
"270870","228","<anonymized>","<anonymized>","<anonymized>"
"270872","228","<anonymized>","<anonymized>","<anonymized>"
"270989","228","<anonymized>","<anonymized>","<anonymized>"
"271060","228","<anonymized>","<anonymized>","<anonymized>"
"271135","228","<anonymized>","<anonymized>","<anonymized>"
"271163","228","<anonymized>","<anonymized>","<anonymized>"
"271200","228","<anonymized>","<anonymized>","<anonymized>"
"271085","228","<anonymized>","<anonymized>","<anonymized>"
"271221","228","<anonymized>","<anonymized>","<anonymized>"
"271276","228","<anonymized>","<anonymized>","<anonymized>"
"271315","228","<anonymized>","<anonymized>","<anonymized>"
"271369","228","<anonymized>","<anonymized>","<anonymized>"
"271384","228","<anonymized>","<anonymized>","<anonymized>"
"271391","228","<anonymized>","<anonymized>","<anonymized>"
"271087","228","<anonymized>","<anonymized>","<anonymized>"
"271108","228","<anonymized>","<anonymized>","<anonymized>"
"271285","228","<anonymized>","<anonymized>","<anonymized>"
"271150","228","<anonymized>","<anonymized>","<anonymized>"
"271198","228","<anonymized>","<anonymized>","<anonymized>"
"271289","228","<anonymized>","<anonymized>","<anonymized>"
"271356","228","<anonymized>","<anonymized>","<anonymized>"
"271392","228","<anonymized>","<anonymized>","<anonymized>"
"271370","228","<anonymized>","<anonymized>","<anonymized>"
"271543","228","<anonymized>","<anonymized>","<anonymized>"
"271556","228","<anonymized>","<anonymized>","<anonymized>"
"271575","228","<anonymized>","<anonymized>","<anonymized>"
"271702","228","<anonymized>","<anonymized>","<anonymized>"
"271892","228","<anonymized>","<anonymized>","<anonymized>"
"271934","228","<anonymized>","<anonymized>","<anonymized>"
"271939","228","<anonymized>","<anonymized>","<anonymized>"
"271979","228","<anonymized>","<anonymized>","<anonymized>"
"272000","228","<anonymized>","<anonymized>","<anonymized>"
"272046","228","<anonymized>","<anonymized>","<anonymized>"
"271994","228","<anonymized>","<anonymized>","<anonymized>"
"272141","228","<anonymized>","<anonymized>","<anonymized>"
"272329","228","<anonymized>","<anonymized>","<anonymized>"
"272152","228","<anonymized>","<anonymized>","<anonymized>"
"272172","228","<anonymized>","<anonymized>","<anonymized>"
"272201","228","<anonymized>","<anonymized>","<anonymized>"
"272366","228","<anonymized>","<anonymized>","<anonymized>"
"272479","228","<anonymized>","<anonymized>","<anonymized>"
"272801","228","<anonymized>","<anonymized>","<anonymized>"
"272889","228","<anonymized>","<anonymized>","<anonymized>"
"272979","228","<anonymized>","<anonymized>","<anonymized>"
"272986","228","<anonymized>","<anonymized>","<anonymized>"
"273054","228","<anonymized>","<anonymized>","<anonymized>"
"273145","228","<anonymized>","<anonymized>","<anonymized>"
"273168","228","<anonymized>","<anonymized>","<anonymized>"
"273348","228","<anonymized>","<anonymized>","<anonymized>"
"273181","228","<anonymized>","<anonymized>","<anonymized>"
"273398","228","<anonymized>","<anonymized>","<anonymized>"
"273421","228","<anonymized>","<anonymized>","<anonymized>"
"273592","228","<anonymized>","<anonymized>","<anonymized>"
"273416","228","<anonymized>","<anonymized>","<anonymized>"
"273623","228","<anonymized>","<anonymized>","<anonymized>"
"273774","228","<anonymized>","<anonymized>","<anonymized>"
"273776","228","<anonymized>","<anonymized>","<anonymized>"
"273858","228","<anonymized>","<anonymized>","<anonymized>"
"273918","228","<anonymized>","<anonymized>","<anonymized>"
"273907","228","<anonymized>","<anonymized>","<anonymized>"
"273990","228","<anonymized>","<anonymized>","<anonymized>"
"274078","228","<anonymized>","<anonymized>","<anonymized>"
"274097","228","<anonymized>","<anonymized>","<anonymized>"
"274239","228","<anonymized>","<anonymized>","<anonymized>"
"274350","228","<anonymized>","<anonymized>","<anonymized>"
"274466","228","<anonymized>","<anonymized>","<anonymized>"
"274497","228","<anonymized>","<anonymized>","<anonymized>"
"274502","228","<anonymized>","<anonymized>","<anonymized>"
"274677","228","<anonymized>","<anonymized>","<anonymized>"
"274825","228","<anonymized>","<anonymized>","<anonymized>"
"274840","228","<anonymized>","<anonymized>","<anonymized>"
"274626","228","<anonymized>","<anonymized>","<anonymized>"
"274628","228","<anonymized>","<anonymized>","<anonymized>"
"274691","228","<anonymized>","<anonymized>","<anonymized>"
"274716","228","<anonymized>","<anonymized>","<anonymized>"
"274722","228","<anonymized>","<anonymized>","<anonymized>"
"274988","228","<anonymized>","<anonymized>","<anonymized>"
"275046","228","<anonymized>","<anonymized>","<anonymized>"
"274774","228","<anonymized>","<anonymized>","<anonymized>"
"274828","228","<anonymized>","<anonymized>","<anonymized>"
"275151","228","<anonymized>","<anonymized>","<anonymized>"
"275194","228","<anonymized>","<anonymized>","<anonymized>"
"275096","228","<anonymized>","<anonymized>","<anonymized>"
"275132","228","<anonymized>","<anonymized>","<anonymized>"
"275433","228","<anonymized>","<anonymized>","<anonymized>"
"275468","228","<anonymized>","<anonymized>","<anonymized>"
"275209","228","<anonymized>","<anonymized>","<anonymized>"
"275235","228","<anonymized>","<anonymized>","<anonymized>"
"275367","228","<anonymized>","<anonymized>","<anonymized>"
"275393","228","<anonymized>","<anonymized>","<anonymized>"
"275504","228","<anonymized>","<anonymized>","<anonymized>"
"275749","228","<anonymized>","<anonymized>","<anonymized>"
"275679","228","<anonymized>","<anonymized>","<anonymized>"
"275756","228","<anonymized>","<anonymized>","<anonymized>"
"283651","228","<anonymized>","<anonymized>","<anonymized>"
"283657","228","<anonymized>","<anonymized>","<anonymized>"
"439591","161","<anonymized>","<anonymized>","<anonymized>"
"439415","165","<anonymized>","<anonymized>","<anonymized>"
"439446","165","<anonymized>","<anonymized>","<anonymized>"
"439473","165","<anonymized>","<anonymized>","<anonymized>"
"439488","165","<anonymized>","<anonymized>","<anonymized>"
"439638","165","<anonymized>","<anonymized>","<anonymized>"
"439641","209","<anonymized>","<anonymized>","<anonymized>"
"439757","165","<anonymized>","<anonymized>","<anonymized>"
"440963","165","<anonymized>","<anonymized>","<anonymized>"
"440988","161","<anonymized>","<anonymized>","<anonymized>"
"440990","161","<anonymized>","<anonymized>","<anonymized>"
"441259","230","<anonymized>","<anonymized>","<anonymized>"
"441365","230","<anonymized>","<anonymized>","<anonymized>"
"441477","230","<anonymized>","<anonymized>","<anonymized>"
"441579","230","<anonymized>","<anonymized>","<anonymized>"
"441584","230","<anonymized>","<anonymized>","<anonymized>"
"441600","230","<anonymized>","<anonymized>","<anonymized>"
"441620","230","<anonymized>","<anonymized>","<anonymized>"
"441626","230","<anonymized>","<anonymized>","<anonymized>"
"441673","230","<anonymized>","<anonymized>","<anonymized>"
"441799","230","<anonymized>","<anonymized>","<anonymized>"
"441823","230","<anonymized>","<anonymized>","<anonymized>"
"441863","230","<anonymized>","<anonymized>","<anonymized>"
"441915","230","<anonymized>","<anonymized>","<anonymized>"
"441951","230","<anonymized>","<anonymized>","<anonymized>"
"442001","230","<anonymized>","<anonymized>","<anonymized>"
"442003","230","<anonymized>","<anonymized>","<anonymized>"
"442050","230","<anonymized>","<anonymized>","<anonymized>"
"442066","230","<anonymized>","<anonymized>","<anonymized>"
"442037","230","<anonymized>","<anonymized>","<anonymized>"
"442058","230","<anonymized>","<anonymized>","<anonymized>"
"442215","230","<anonymized>","<anonymized>","<anonymized>"
"442219","230","<anonymized>","<anonymized>","<anonymized>"
"442266","230","<anonymized>","<anonymized>","<anonymized>"
"442338","230","<anonymized>","<anonymized>","<anonymized>"
"442379","230","<anonymized>","<anonymized>","<anonymized>"
"442439","230","<anonymized>","<anonymized>","<anonymized>"
"442502","230","<anonymized>","<anonymized>","<anonymized>"
"442513","209","<anonymized>","<anonymized>","<anonymized>"
"442554","224","<anonymized>","<anonymized>","<anonymized>"
"442601","178","<anonymized>","<anonymized>","<anonymized>"
"442669","178","<anonymized>","<anonymized>","<anonymized>"
"442753","165","<anonymized>","<anonymized>","<anonymized>"
"442764","165","<anonymized>","<anonymized>","<anonymized>"
"442802","174","<anonymized>","<anonymized>","<anonymized>"
"442896","263","<anonymized>","<anonymized>","<anonymized>"
"442949","178","<anonymized>","<anonymized>","<anonymized>"
"443076","224","<anonymized>","<anonymized>","<anonymized>"
"443149","165","<anonymized>","<anonymized>","<anonymized>"
"443158","178","<anonymized>","<anonymized>","<anonymized>"
"443080","165","<anonymized>","<anonymized>","<anonymized>"
"443102","220","<anonymized>","<anonymized>","<anonymized>"
"443129","161","<anonymized>","<anonymized>","<anonymized>"
"443226","263","<anonymized>","<anonymized>","<anonymized>"
"443266","165","<anonymized>","<anonymized>","<anonymized>"
"443322","161","<anonymized>","<anonymized>","<anonymized>"
"443439","165","<anonymized>","<anonymized>","<anonymized>"
"443459","165","<anonymized>","<anonymized>","<anonymized>"
"443659","209","<anonymized>","<anonymized>","<anonymized>"
"443677","220","<anonymized>","<anonymized>","<anonymized>"
"443707","209","<anonymized>","<anonymized>","<anonymized>"
"443716","224","<anonymized>","<anonymized>","<anonymized>"
"443724","165","<anonymized>","<anonymized>","<anonymized>"
"443727","165","<anonymized>","<anonymized>","<anonymized>"
"443774","165","<anonymized>","<anonymized>","<anonymized>"
"443698","178","<anonymized>","<anonymized>","<anonymized>"
"443733","165","<anonymized>","<anonymized>","<anonymized>"
"443864","209","<anonymized>","<anonymized>","<anonymized>"
"443941","178","<anonymized>","<anonymized>","<anonymized>"
"443969","165","<anonymized>","<anonymized>","<anonymized>"
"444028","161","<anonymized>","<anonymized>","<anonymized>"
"444106","178","<anonymized>","<anonymized>","<anonymized>"
"444114","178","<anonymized>","<anonymized>","<anonymized>"
"444149","221","<anonymized>","<anonymized>","<anonymized>"
"444225","161","<anonymized>","<anonymized>","<anonymized>"
"444230","168","<anonymized>","<anonymized>","<anonymized>"
"444263","221","<anonymized>","<anonymized>","<anonymized>"
"444282","165","<anonymized>","<anonymized>","<anonymized>"
"444332","161","<anonymized>","<anonymized>","<anonymized>"
"444348","165","<anonymized>","<anonymized>","<anonymized>"
"444396","165","<anonymized>","<anonymized>","<anonymized>"
"444452","165","<anonymized>","<anonymized>","<anonymized>"
"444453","165","<anonymized>","<anonymized>","<anonymized>"
"444484","209","<anonymized>","<anonymized>","<anonymized>"
"444491","209","<anonymized>","<anonymized>","<anonymized>"
"444493","209","<anonymized>","<anonymized>","<anonymized>"
"444609","165","<anonymized>","<anonymized>","<anonymized>"
"444626","221","<anonymized>","<anonymized>","<anonymized>"
"444648","209","<anonymized>","<anonymized>","<anonymized>"
"444677","165","<anonymized>","<anonymized>","<anonymized>"
"444685","165","<anonymized>","<anonymized>","<anonymized>"
"444988","209","<anonymized>","<anonymized>","<anonymized>"
"444981","174","<anonymized>","<anonymized>","<anonymized>"
"445038","209","<anonymized>","<anonymized>","<anonymized>"
"445074","209","<anonymized>","<anonymized>","<anonymized>"
"445124","165","<anonymized>","<anonymized>","<anonymized>"
"445128","165","<anonymized>","<anonymized>","<anonymized>"
"445207","165","<anonymized>","<anonymized>","<anonymized>"
"445230","165","<anonymized>","<anonymized>","<anonymized>"
"445248","165","<anonymized>","<anonymized>","<anonymized>"
"445259","165","<anonymized>","<anonymized>","<anonymized>"
"445282","209","<anonymized>","<anonymized>","<anonymized>"
"445329","165","<anonymized>","<anonymized>","<anonymized>"
"445389","263","<anonymized>","<anonymized>","<anonymized>"
"445550","221","<anonymized>","<anonymized>","<anonymized>"
"445585","209","<anonymized>","<anonymized>","<anonymized>"
"445571","161","<anonymized>","<anonymized>","<anonymized>"
"445639","165","<anonymized>","<anonymized>","<anonymized>"
"445645","168","<anonymized>","<anonymized>","<anonymized>"
"445648","165","<anonymized>","<anonymized>","<anonymized>"
"445759","165","<anonymized>","<anonymized>","<anonymized>"
"445771","165","<anonymized>","<anonymized>","<anonymized>"
"445752","165","<anonymized>","<anonymized>","<anonymized>"
"445819","165","<anonymized>","<anonymized>","<anonymized>"
"445826","165","<anonymized>","<anonymized>","<anonymized>"
"445880","165","<anonymized>","<anonymized>","<anonymized>"
"446025","209","<anonymized>","<anonymized>","<anonymized>"
"446127","233","<anonymized>","<anonymized>","<anonymized>"
"446151","221","<anonymized>","<anonymized>","<anonymized>"
"446249","165","<anonymized>","<anonymized>","<anonymized>"
"446269","165","<anonymized>","<anonymized>","<anonymized>"
"446359","165","<anonymized>","<anonymized>","<anonymized>"
"446285","165","<anonymized>","<anonymized>","<anonymized>"
"446307","165","<anonymized>","<anonymized>","<anonymized>"
"446329","165","<anonymized>","<anonymized>","<anonymized>"
"446337","165","<anonymized>","<anonymized>","<anonymized>"
"446345","165","<anonymized>","<anonymized>","<anonymized>"
"446394","161","<anonymized>","<anonymized>","<anonymized>"
"446420","209","<anonymized>","<anonymized>","<anonymized>"
"446483","209","<anonymized>","<anonymized>","<anonymized>"
"446501","161","<anonymized>","<anonymized>","<anonymized>"
"446552","165","<anonymized>","<anonymized>","<anonymized>"
"446581","165","<anonymized>","<anonymized>","<anonymized>"
"446632","165","<anonymized>","<anonymized>","<anonymized>"
"446658","165","<anonymized>","<anonymized>","<anonymized>"
"446826","233","<anonymized>","<anonymized>","<anonymized>"
"446874","209","<anonymized>","<anonymized>","<anonymized>"
"446844","209","<anonymized>","<anonymized>","<anonymized>"
"446864","209","<anonymized>","<anonymized>","<anonymized>"
"446900","165","<anonymized>","<anonymized>","<anonymized>"
"446973","165","<anonymized>","<anonymized>","<anonymized>"
"446975","165","<anonymized>","<anonymized>","<anonymized>"
"447015","209","<anonymized>","<anonymized>","<anonymized>"
"447027","165","<anonymized>","<anonymized>","<anonymized>"
"447136","209","<anonymized>","<anonymized>","<anonymized>"
"447159","165","<anonymized>","<anonymized>","<anonymized>"
"447224","165","<anonymized>","<anonymized>","<anonymized>"
"447259","165","<anonymized>","<anonymized>","<anonymized>"
"447355","165","<anonymized>","<anonymized>","<anonymized>"
"447361","165","<anonymized>","<anonymized>","<anonymized>"
